<?xml version="1.0" encoding="UTF-8"?>
<project-private xmlns="http://www.netbeans.org/ns/project-private/1">
    <editor-bookmarks xmlns="http://www.netbeans.org/ns/editor-bookmarks/2" lastBookmarkId="0"/>
    <open-files xmlns="http://www.netbeans.org/ns/projectui-open-files/2">
        <group>
            <file>file:/C:/Users/wulfo/Documents/School%20Files/2019%20Summer/CS%202365/Homework/GeometryMelee/src/geometrymelee/GeometryMelee.java</file>
            <file>file:/C:/Users/wulfo/Documents/School%20Files/2019%20Summer/CS%202365/Homework/GeometryMelee/src/geometrymelee/MeleeSim.java</file>
        </group>
    </open-files>
</project-private>
